{
  "swagger": "2.0",
  "info": {
    "version": "1.0.0",
    "title": " API",
    "description": "Butterfly Protocol Nodejs Server Swagger API DOCS",
    "license": {
      "name": "Butterfly Protocol Backend services"
    }
  },
  "host": "",
  "basePath": "/api/",
  "tags": [
    {
      "name": "Api Server",
      "description": "CART API DOCS "
    }
  ],
  "schemes": [],
  "consumes": [
    "application/json"
  ],
  "produces": [
    "application/json"
  ],
  "components": {
    "securitySchemes": {
      "bearerAuth": {
        "type": "http",
        "scheme": "bearer",
        "bearerFormat": "JWT"
      }
    },
    "schemas": {
      "GeneralError": {
        "type": "object",
        "properties": {
          "code": {
            "type": "integer",
            "format": "int32"
          },
          "message": {
            "type": "string"
          }
        }
      },
      "responses": {
        "NotFound": {
          "description": "Entity not found."
        },
        "IllegalInput": {
          "description": "Illegal input for operation."
        },
        "GeneralError": {
          "description": "General Error",
          "content": {
            "application/json": {
              "schema": {
                "$ref": "#/components/schemas/GeneralError"
              }
            }
          }
        }
      },
      "cart": {
        "type": "array",
        "properties": {
          "domainName": {
            "type": "string"
          },
          "price": {
            "type": "string"
          }
        }
      }
    }
  },
  "security":{
    "bearerAuth": []
  },
  "paths": {
    "/cart": {
      "get": {
        "tags": [
          "Cart"
        ],
        "summary": "Get My cart",
        "description": "",
        "consumes": [
          "application/json",
          "application/xml"
        ],
        "produces": [
          "application/json",
          "application/xml"
        ],
        "parameters": [
          {
            "in": "header",
            "name": "Authorization",
            "required": true,
            "type": "string"
          }
        ],
        "responses": {
          "200": {
            "description": "A list of cart items",
            "content": {
              "application/json": {
                "schema": {
                  "type": "array",
                  "items": {
                    "$ref": "#/components/schemas/cart"
                  }
                }
              }
            }
          }
        }
      },
      "post": {
        "tags": [
          "cart"
        ],
        "summary": "Create new cart",
        "description": "",
        "consumes": [
          "application/json",
          "application/xml"
        ],
        "produces": [
          "application/json",
          "application/xml"
        ],
        "parameters": [
          {
            "in": "header",
            "name": "Authorization",
            "required": true,
            "type": "string"
          },
          {
            "in": "body",
            "name": "cart",
            "description": "cart object that needs to be created",
            "required": true,
            "schema": {
              "$ref": "#/components/schemas/cart"
            }
          }
        ],
        "responses": {
          "201": {
            "description": "Successfully Added Items to Cart"
          },
          "400": {
            "description": "Validation error"
          },
          "405": {
            "description": "Invalid input"
          }
        }
      }
    },
    "/cart/{id}": {
      "get": {
        "tags": [
          "cart"
        ],
        "summary": "Get cart by id",
        "description": "",
        "consumes": [
          "application/json",
          "application/xml"
        ],
        "produces": [
          "application/json",
          "application/xml"
        ],
        "parameters": [{
          "in": "path",
          "name": "id",
          "description": "id of the cart",
          "required": true,
          "schema": {
            "type": "string"
          }
        }],
        "responses": {
          "200": {
            "description": "cart",
            "content": {
              "application/json": {
                "schema": {
                  "type": "array",
                  "items": {
                    "$ref": "#/components/schemas/cart"
                  }
                }
              }
            }
          }
        }
      },
      "put": {
        "tags": [
          "cart"
        ],
        "summary": "update cart",
        "description": "",
        "consumes": [
          "application/json",
          "application/xml"
        ],
        "produces": [
          "application/json",
          "application/xml"
        ],
        "parameters": [
          {
            "in": "path",
            "name": "id",
            "description": "cart id to update",
            "required": true,
            "schema": {
              "type": "string"
            }
          },
          {
            "in": "body",
            "name": "cart",
            "description": "cart object that needs to be updated with",
            "required": true,
            "schema": {
              "$ref": "#/components/schemas/cart"
            }
          }
        ],
        "responses": {
          "201": {
            "description": "Successfully updated"
          },
          "400": {
            "description": "Validation error"
          },
          "405": {
            "description": "Invalid input"
          }
        }
      },
      "delete": {
        "tags": [
          "cart"
        ],
        "summary": "delete a cart",
        "description": "",
        "consumes": [
          "application/json",
          "application/xml"
        ],
        "produces": [
          "application/json",
          "application/xml"
        ],
        "parameters": [
          {
            "in": "path",
            "name": "id",
            "description": "cart id of cart to be deleted",
            "required": true,
            "schema": {
              "type": "string"
            }
          }
        ],
        "responses": {
          "201": {
            "description": "Successfully deleted"
          }
        }
      }
    }
  }
}