{
  "swagger": "2.0",
  "info": {
    "version": "1.0.0",
    "title": " API",
    "description": "Butterfly Protocol Nodejs Server Swagger API DOCS",
    "license": {
      "name": "Butterfly Protocol Backend services"
    }
  },
  "host": "",
  "basePath": "/api/",
  "tags": [
    
    {
      "name": "Api Server",
      "description": "API DOCS "
    }
  ],
  "schemes": [],
  "consumes": [
    "application/json"
  ],
  "produces": [
    "application/json"
  ],
  "components": {
    "securitySchemes": {
      "bearerAuth": {
        "type": "http",
        "scheme": "bearer",
        "bearerFormat": "JWT"
      }
    },
    "schemas": {
      "GeneralError": {
        "type": "object",
        "properties": {
          "code": {
            "type": "integer",
            "format": "int32"
          },
          "message": {
            "type": "string"
          }
        }
      },
      "responses": {
        "NotFound": {
          "description": "Entity not found."
        },
        "IllegalInput": {
          "description": "Illegal input for operation."
        },
        "GeneralError": {
          "description": "General Error",
          "content": {
            "application/json": {
              "schema": {
                "$ref": "#/components/schemas/GeneralError"
              }
            }
          }
        }
      },
      "signup":{
        "type":"object",
        "properties":{
          "firstName":{"type":"string"},
          "lastName":{"type":"string"},
          "email":{"type":"string"},
          "password":{"type":"string"}
        }
      },
      "user-update":{
        "type":"object",
        "properties":{
          "firstName":{"type":"string"},
          "lastName":{"type":"string"},
          "phone":{"type":"string"}
        }
      },
      "refer-user": {
        "type" :"object",
        "properties":{
          "email":{
            "type":"string"
          }
        }
      },
      "get-refer-detail": {
        "type" :"object",
        "properties":{
          "_id":{
            "in":"params",
            "type":"string"
          }
        }
      },
      "login":{
        "type":"object",
        "properties":{
          "email":{"type":"string"},
          "password":{"type":"string"}
        }
      },
      "domain": {
        "type": "object",
        "properties": {
          "productId": {
            "type": "string"
          },
          "userId": {
            "type": "string"
          },
          "name": {
            "type": "string"
          },
          "dns": {
            "type": "string"
          },
          "purchaseDate": {
            "type": "string"
          }
        }
      },
      "cart": {
        "type": "object",
        "properties": {
          "name": {
            "type": "string"
          },
          "bDNS": {
            "type": "string"
          },
          "amount": {
            "type": "string"
          },
          "productId": {
            "type": "string"
          },
          "userId": {
            "type": "string"
          }
        }
      },
      "notification": {
        "type": "object",
        "properties": {
          "userId": {
            "type": "string"
          },
          "type": {
            "type": "string"
          },
          "isRead": {
            "type": "boolean"
          },
          "metadata": {
            "type": "string"
          }
        }
      },
      "transaction": {
        "type": "object",
        "properties": {
          "userId": {
            "type": "string"
          },
          "productId": {
            "type": "string"
          },
          "amount": {
            "type": "string"
          },
          "paymentMode": {
            "type": "string"
          },
          "txHash": {
            "type": "string"
          },
          "walletAddress": {
            "type": "string"
          },
          "status": {
            "type": "boolean"
          },
          "message": {
            "type": "boolean"
          },
          "transactionDate": {
            "type": "string"
          }
        }
      }
    }
  },
  "security":{
    "bearerAuth": []
  },
  "paths": {
    "/signup": {
      "post": {
        "tags": [
          "SIGN_UP"
        ],
        "summary": "New user signup",
        "description": "",
        "consumes": [
          "application/json",
          "application/xml"
        ],
        "produces": [
          "application/json",
          "application/xml"
        ],
        "parameters": [
          {
            "in": "body",
            "name": "user",
            "description": "signup object that needs to be created",
            "required": true,
            "schema": {
              "$ref": "#/components/schemas/signup"
            }
          }
        ],
        "responses": {
          "201": {
            "description": "Successfully Created"
          },
          "405": {
            "description": "Invalid input"
          }
        }
      }
    },
    "/login": {
      "post": {
        "tags": [
          "Login"
        ],
        "summary": "User Login",
        "description": "",
        "consumes": [
          "application/json",
          "application/xml"
        ],
        "produces": [
          "application/json",
          "application/xml"
        ],
        "parameters": [
          {
            "in": "body",
            "name": "user",
            "description": "Login object",
            "required": true,
            "schema": {
              "$ref": "#/components/schemas/login"
            }
          }
        ],
        "responses": {
          "200": {
            "description": "Successfully Login"
          },
          "405": {
            "description": "Invalid input"
          }
        }
      }
    },
    "/verify": {
      "get": {
        "tags": [
          "Verify"
        ],
        "summary": "Token Verify",
        "description": "",
        "consumes": [
          "application/json",
          "application/xml"
        ],
        "produces": [
          "application/json",
          "application/xml"
        ],
        "parameters": [
          {
            "in": "header",
            "name": "Authorization",
            "required": true,
            "type": "string"
          }
        ],
        "responses": {
          "200": {
            "description": "Token Validation"
          },
          "405": {
            "description": "Invalid input"
          }
        }
      }
    },
    "/domains": {
      "get": {
        "tags": [
          "domain"
        ],
        "summary": "Get all domains",
        "description": "",
        "consumes": [
          "application/json",
          "application/xml"
        ],
        "produces": [
          "application/json",
          "application/xml"
        ],
        "parameters": [],
        "responses": {
          "200": {
            "description": "A list of domains",
            "content": {
              "application/json": {
                "schema": {
                  "type": "array",
                  "items": {
                    "$ref": "#/components/schemas/domain"
                  }
                }
              }
            }
          }
        }
      },
      "post": {
        "tags": [
          "domain"
        ],
        "summary": "Create new domain",
        "description": "",
        "consumes": [
          "application/json",
          "application/xml"
        ],
        "produces": [
          "application/json",
          "application/xml"
        ],
        "parameters": [
          {
            "in": "body",
            "name": "domain",
            "description": "domain object that needs to be created",
            "required": true,
            "schema": {
              "$ref": "#/components/schemas/domain"
            }
          }
        ],
        "responses": {
          "201": {
            "description": "Successfully Created"
          },
          "400": {
            "description": "Validation error"
          },
          "405": {
            "description": "Invalid input"
          }
        }
      }
    },
    "/domains/{id}": {
      "get": {
        "tags": [
          "domain"
        ],
        "summary": "Get domain by id",
        "description": "",
        "consumes": [
          "application/json",
          "application/xml"
        ],
        "produces": [
          "application/json",
          "application/xml"
        ],
        "parameters": [{
          "in": "path",
            "name": "id",
            "description": "domain id to update",
            "required": true,
            "schema": {
              "type": "string"
            }
        }],
        "responses": {
          "200": {
            "description": "A list of domains",
            "content": {
              "application/json": {
                "schema": {
                  "type": "array",
                  "items": {
                    "$ref": "#/components/schemas/domain"
                  }
                }
              }
            }
          }
        }
      },
      "put": {
        "tags": [
          "domain"
        ],
        "summary": "update domain",
        "description": "",
        "consumes": [
          "application/json",
          "application/xml"
        ],
        "produces": [
          "application/json",
          "application/xml"
        ],
        "parameters": [
          {
            "in": "path",
            "name": "id",
            "description": "domain id to update",
            "required": true,
            "schema": {
              "type": "string"
            }
          },
          {
            "in": "body",
            "name": "domain",
            "description": "domain object that needs to be updated with",
            "required": true,
            "schema": {
              "$ref": "#/components/schemas/domain"
            }
          }
        ],
        "responses": {
          "201": {
            "description": "Successfully updated"
          },
          "400": {
            "description": "Validation error"
          },
          "405": {
            "description": "Invalid input"
          }
        }
      },
      "delete": {
        "tags": [
          "domain"
        ],
        "summary": "delete a domain",
        "description": "",
        "consumes": [
          "application/json",
          "application/xml"
        ],
        "produces": [
          "application/json",
          "application/xml"
        ],
        "parameters": [
          {
            "in": "path",
            "name": "id",
            "description": "domain id of domian to be deleted",
            "required": true,
            "schema": {
              "type": "string"
            }
          }
        ],
        "responses": {
          "201": {
            "description": "Successfully deleted"
          }
        }
      }
    },
    "/cart": {
      "get": {
        "tags": [
          "cart"
        ],
        "summary": "Get all carts",
        "description": "",
        "consumes": [
          "application/json",
          "application/xml"
        ],
        "produces": [
          "application/json",
          "application/xml"
        ],
        "parameters": [],
        "responses": {
          "200": {
            "description": "A list of carts",
            "content": {
              "application/json": {
                "schema": {
                  "type": "array",
                  "items": {
                    "$ref": "#/components/schemas/cart"
                  }
                }
              }
            }
          }
        }
      },
      "post": {
        "tags": [
          "cart"
        ],
        "summary": "Create new cart",
        "description": "",
        "consumes": [
          "application/json",
          "application/xml"
        ],
        "produces": [
          "application/json",
          "application/xml"
        ],
        "parameters": [
          {
            "in": "body",
            "name": "cart",
            "description": "cart object that needs to be created",
            "required": true,
            "schema": {
              "$ref": "#/components/schemas/cart"
            }
          }
        ],
        "responses": {
          "201": {
            "description": "Successfully Created"
          },
          "400": {
            "description": "Validation error"
          },
          "405": {
            "description": "Invalid input"
          }
        }
      }
    },
    "/user": {
      "get": {
        "tags": [
          "User"
        ],
        "summary": "Get user profile",
        "description": "",
        "consumes": [
          "application/json",
          "application/xml"
        ],
        "produces": [
          "application/json",
          "application/xml"
        ],
        "parameters": [
          {
            "in": "header",
            "name": "Authorization",
            "required": true,
            "type": "string"
          }
        ],
        "responses": {
          "200": {
            "description": "User profile data",
            "content": {
              "application/json": {
                "schema": {
                  "type": "array",
                  "items": {
                    "$ref": "#/components/schemas/user"
                  }
                }
              }
            }
          }
        }
      },
      "put": {
        "tags": [
          "User"
        ],
        "summary": "Update User Profile",
        "description": "",
        "consumes": [
          "application/json",
          "application/xml"
        ],
        "produces": [
          "application/json",
          "application/xml"
        ],
        "parameters": [
          {
            "in": "header",
            "name": "Authorization",
            "required": true,
            "type": "string"
          },
          {
            "in": "body",
            "name": "cart",
            "description": "cart object that needs to be created",
            "required": true,
            "schema": {
              "$ref": "#/components/schemas/user-update"
            }
          }
        ],
        "responses": {
          "201": {
            "description": "Successfully Created"
          },
          "400": {
            "description": "Validation error"
          },
          "405": {
            "description": "Invalid input"
          }
        }
      }
    },
    "/cart/{id}": {
      "get": {
        "tags": [
          "cart"
        ],
        "summary": "Get cart by id",
        "description": "",
        "consumes": [
          "application/json",
          "application/xml"
        ],
        "produces": [
          "application/json",
          "application/xml"
        ],
        "parameters": [{
          "in": "path",
          "name": "id",
          "description": "id of the cart",
          "required": true,
          "schema": {
            "type": "string"
          }
        }],
        "responses": {
          "200": {
            "description": "cart",
            "content": {
              "application/json": {
                "schema": {
                  "type": "array",
                  "items": {
                    "$ref": "#/components/schemas/cart"
                  }
                }
              }
            }
          }
        }
      },
      "put": {
        "tags": [
          "cart"
        ],
        "summary": "update cart",
        "description": "",
        "consumes": [
          "application/json",
          "application/xml"
        ],
        "produces": [
          "application/json",
          "application/xml"
        ],
        "parameters": [
          {
            "in": "path",
            "name": "id",
            "description": "cart id to update",
            "required": true,
            "schema": {
              "type": "string"
            }
          },
          {
            "in": "body",
            "name": "cart",
            "description": "cart object that needs to be updated with",
            "required": true,
            "schema": {
              "$ref": "#/components/schemas/cart"
            }
          }
        ],
        "responses": {
          "201": {
            "description": "Successfully updated"
          },
          "400": {
            "description": "Validation error"
          },
          "405": {
            "description": "Invalid input"
          }
        }
      },
      "delete": {
        "tags": [
          "cart"
        ],
        "summary": "delete a cart",
        "description": "",
        "consumes": [
          "application/json",
          "application/xml"
        ],
        "produces": [
          "application/json",
          "application/xml"
        ],
        "parameters": [
          {
            "in": "path",
            "name": "id",
            "description": "cart id of cart to be deleted",
            "required": true,
            "schema": {
              "type": "string"
            }
          }
        ],
        "responses": {
          "201": {
            "description": "Successfully deleted"
          }
        }
      }
    },
    "/notifications": {
      "get": {
        "tags": [
          "notifications"
        ],
        "summary": "Get all notifications",
        "description": "",
        "consumes": [
          "application/json",
          "application/xml"
        ],
        "produces": [
          "application/json",
          "application/xml"
        ],
        "parameters": [],
        "responses": {
          "200": {
            "description": "A list of notifications",
            "content": {
              "application/json": {
                "schema": {
                  "type": "array",
                  "items": {
                    "$ref": "#/components/schemas/notification"
                  }
                }
              }
            }
          }
        }
      },
      "post": {
        "tags": [
          "notifications"
        ],
        "summary": "Create new notification",
        "description": "",
        "consumes": [
          "application/json",
          "application/xml"
        ],
        "produces": [
          "application/json",
          "application/xml"
        ],
        "parameters": [
          {
            "in": "body",
            "name": "notification",
            "description": "notification object that needs to be created",
            "required": true,
            "schema": {
              "$ref": "#/components/schemas/notification"
            }
          }
        ],
        "responses": {
          "201": {
            "description": "Successfully Created"
          },
          "400": {
            "description": "Validation error"
          },
          "405": {
            "description": "Invalid input"
          }
        }
      }
    },
    "/notifications/{id}": {
      "get": {
        "tags": [
          "notifications"
        ],
        "summary": "Get all notifications",
        "description": "",
        "consumes": [
          "application/json",
          "application/xml"
        ],
        "produces": [
          "application/json",
          "application/xml"
        ],
        "parameters": [{
          "in": "path",
          "name": "id",
          "description": "notification id",
          "required": true,
          "schema": {
            "type": "string"
          }}],
        "responses": {
          "200": {
            "description": "notification",
            "content": {
              "application/json": {
                "schema": {
                  "type": "array",
                  "items": {
                    "$ref": "#/components/schemas/notification"
                  }
                }
              }
            }
          }
        }
      },
      "put": {
        "tags": [
          "notifications"
        ],
        "summary": "update notification",
        "description": "",
        "consumes": [
          "application/json",
          "application/xml"
        ],
        "produces": [
          "application/json",
          "application/xml"
        ],
        "parameters": [
          {
            "in": "path",
            "name": "id",
            "description": "notification id to update",
            "required": true,
            "schema": {
              "type": "string"
            }
          },
          {
            "in": "body",
            "name": "notification",
            "description": "notification object that needs to be updated with",
            "required": true,
            "schema": {
              "$ref": "#/components/schemas/notification"
            }
          }
        ],
        "responses": {
          "201": {
            "description": "Successfully updated"
          },
          "400": {
            "description": "Validation error"
          },
          "405": {
            "description": "Invalid input"
          }
        }
      },
      "delete": {
        "tags": [
          "notifications"
        ],
        "summary": "delete a notification",
        "description": "",
        "consumes": [
          "application/json",
          "application/xml"
        ],
        "produces": [
          "application/json",
          "application/xml"
        ],
        "parameters": [
          {
            "in": "path",
            "name": "id",
            "description": "notification id of notification to be deleted",
            "required": true,
            "schema": {
              "type": "string"
            }
          }
        ],
        "responses": {
          "201": {
            "description": "Successfully deleted"
          }
        }
      }
    },
    "/transactions": {
      "get": {
        "tags": [
          "transactions"
        ],
        "summary": "Get all transactions",
        "description": "",
        "consumes": [
          "application/json",
          "application/xml"
        ],
        "produces": [
          "application/json",
          "application/xml"
        ],
        "parameters": [],
        "responses": {
          "200": {
            "description": "A list of transactions",
            "content": {
              "application/json": {
                "schema": {
                  "type": "array",
                  "items": {
                    "$ref": "#/components/schemas/transaction"
                  }
                }
              }
            }
          }
        }
      },
      "post": {
        "tags": [
          "transactions"
        ],
        "summary": "Create new transactions",
        "description": "",
        "consumes": [
          "application/json",
          "application/xml"
        ],
        "produces": [
          "application/json",
          "application/xml"
        ],
        "parameters": [
          {
            "in": "body",
            "name": "transaction",
            "description": "transaction object that needs to be created",
            "required": true,
            "schema": {
              "$ref": "#/components/schemas/transaction"
            }
          }
        ],
        "responses": {
          "201": {
            "description": "Successfully Created"
          },
          "400": {
            "description": "Validation error"
          },
          "405": {
            "description": "Invalid input"
          }
        }
      }
    },
    "/transactions/{id}": {
      "get": {
        "tags": [
          "transactions"
        ],
        "summary": "Get transaction by id",
        "description": "",
        "consumes": [
          "application/json",
          "application/xml"
        ],
        "produces": [
          "application/json",
          "application/xml"
        ],
        "parameters": [
          {
          "in": "path",
          "name": "id",
          "description": "transaction id to get",
          "required": true,
          "schema": {
            "type": "string"
          }}],
        "responses": {
          "200": {
            "description": "A transaction",
            "content": {
              "application/json": {
                "schema": {
                  "type": "array",
                  "items": {
                    "$ref": "#/components/schemas/transaction"
                  }
                }
              }
            }
          }
        }
      },
      "put": {
        "tags": [
          "transactions"
        ],
        "summary": "update transaction",
        "description": "",
        "consumes": [
          "application/json",
          "application/xml"
        ],
        "produces": [
          "application/json",
          "application/xml"
        ],
        "parameters": [
          {
            "in": "path",
            "name": "id",
            "description": "transaction id to update",
            "required": true,
            "schema": {
              "type": "string"
            }
          },
          {
            "in": "body",
            "name": "transaction",
            "description": "transaction object that needs to be updated with",
            "required": true,
            "schema": {
              "$ref": "#/components/schemas/transaction"
            }
          }
        ],
        "responses": {
          "201": {
            "description": "Successfully updated"
          },
          "400": {
            "description": "Validation error"
          },
          "405": {
            "description": "Invalid input"
          }
        }
      },
      "delete": {
        "tags": [
          "transactions"
        ],
        "summary": "delete a transaction",
        "description": "",
        "consumes": [
          "application/json",
          "application/xml"
        ],
        "produces": [
          "application/json",
          "application/xml"
        ],
        "parameters": [
          {
            "in": "path",
            "name": "id",
            "description": "transaction id of notification to be deleted",
            "required": true,
            "schema": {
              "type": "string"
            }
          }
        ],
        "responses": {
          "201": {
            "description": "Successfully deleted"
          }
        }
      }
    },
    "/api/refer/":{
      "get":{
        "tags": [
          "Refer"
        ],
        "summary": "get all refer data",
        "description": "",
        "consumes": [
          "application/json",
          "application/xml"
        ],
        "produces": [
          "application/json",
          "application/xml"
        ],
        "parameters": [
        ],
        "responses": {
          "201": {
            "description": "Successfully done"
          },
          "400": {
            "description": "Validation error"
          },
          "405": {
            "description": "Invalid input"
          }
        }

      },
      "post":{
        "tags": [
          "Refer"
        ],
        "summary": "refer user",
        "description": "Register user can refer other user",
        "consumes": [
          "application/json",
          "application/xml"
        ],
        "produces": [
          "application/json",
          "application/xml"
        ],
        "parameters": [
          {
            "in": "body",
            "name": "refer-user",
            "description": "refer user",
            "required": true,
            "schema": {
              "$ref": "#/components/schemas/refer-user"
            }
          }
        ],
        "responses": {
          "201": {
            "description": "Successfully Refered"
          },
          "400": {
            "description": "Validation error"
          },
          "405": {
            "description": "Invalid input"
          }
        }

      }
      
    },
    "/api/refer/refer-detail/:_id":{
      "get":{
        "tags": [
          "Refer"
        ],
        "summary": "Get Refer details using id",
        "description": "",
        "consumes": [
          "application/json",
          "application/xml"
        ],
        "produces": [
          "application/json",
          "application/xml"
        ],
        "parameters": [
          {
            "in": "path",
            "name": "_id",
            "description": "refer id to update",
            "required": true,
            "schema": {
              "type": "string"
            }
          }
        ],
        "responses": {
          "201": {
            "description": "Successfully updated"
          },
          "400": {
            "description": "Validation error"
          },
          "405": {
            "description": "Invalid input"
          }
        }

      }

    },
    "/api/refer/success":{
      "get":{
        "tags": [
          "Refers"
        ],
        "summary": "Get Success Refers",
        "description": "",
        "consumes": [
          "application/json",
          "application/xml"
        ],
        "produces": [
          "application/json",
          "application/xml"
        ],
        "parameters": [
          
        ],
        "responses": {
          "201": {
            "description": "Successfully done"
          },
          "400": {
            "description": "Validation error"
          },
          "405": {
            "description": "Invalid input"
          }
        }

      }
      
    },
    "/api/refer/fail":{
      "get":{
        "tags": [
          "Refers"
        ],
        "summary": "Get Fail Refers",
        "description": "",
        "consumes": [
          "application/json",
          "application/xml"
        ],
        "produces": [
          "application/json",
          "application/xml"
        ],
        "parameters": [
          
        ],
        "responses": {
          "201": {
            "description": "Successfully done"
          },
          "400": {
            "description": "Validation error"
          },
          "405": {
            "description": "Invalid input"
          }
        }

      }
    },
    "/api/refer/success-count":{
      "get":{
        "tags": [
          "Refers"
        ],
        "summary": "Get Success Refers count",
        "description": "",
        "consumes": [
          "application/json",
          "application/xml"
        ],
        "produces": [
          "application/json",
          "application/xml"
        ],
        "parameters": [
          
        ],
        "responses": {
          "201": {
            "description": "Successfully done"
          },
          "400": {
            "description": "Validation error"
          },
          "405": {
            "description": "Invalid input"
          }
        }

      }
    },
    "/api/refer/fail-count":{
      "get":{
        "tags": [
          "Refers"
        ],
        "summary": "Get Fail Refers count",
        "description": "",
        "consumes": [
          "application/json",
          "application/xml"
        ],
        "produces": [
          "application/json",
          "application/xml"
        ],
        "parameters": [
          
        ],
        "responses": {
          "201": {
            "description": "Successfully done"
          },
          "400": {
            "description": "Validation error"
          },
          "405": {
            "description": "Invalid input"
          }
        }

      }
    }
  }
}