{
    "baseUrl": "http://localhost:3000",
    "userAgent": "synpress",
    "retries": { "runMode": 3, "openMode": 0 },
    "integrationFolder": "tests/e2e",
    "screenshotsFolder": "screenshots",
    "videosFolder": "videos",
    "video": false,
    "screenshotOnRunFailure": false,
    "chromeWebSecurity": true,
    "viewportWidth": 1280,
    "viewportHeight": 1024,
    "component": {
      "componentFolder": ".",
      "testFiles": "**/*spec.{js,jsx,ts,tsx}"
    },
    "env": {
      "coverage": false
    },
    "defaultCommandTimeout": 180000,
    "pageLoadTimeout": 40000,
    "requestTimeout": 40000,
    "responseTimeout": 50000,
    "taskTimeout": 60000,
    "supportFile": "tests/support/index.js"
  }
