{
    "swagger": "2.0",
    "info": {
      "version": "1.0.0",
      "title": " API",
      "description": "Nexbloc sdk api-docs",
      "license": {
        "name": "Nexbloc Workspace"
      }
    },
    "host": "localhost",
    "basePath": "/api",
    "tags": [
      {
        "name": "Nexbloc-sdk-auth-layer",
        "description": "API for Workspace "
      }
    ],
    "schemes": [],
    "consumes": [
      "application/json"
    ],
    "produces": [
      "application/json"
    ],
    "paths": {
        "/user/signup": {
            "post": {
              "tags": [
                "USER-AUTH"
              ],
              "summary": "User Signup",
              "description": "",
              "consumes": [
                "application/json"
              ],
              "produces": [
                "application/json"
              ],
              "parameters": [
                {
                  "in": "body",
                  "name": "body",
                  "description": "User object that needs to be added to the store",
                  "required": true,
                  "schema": {
                    "$ref": "#/definitions/user-signup-request"
                  }
                },
                {
                    "in": "header",
                    "name": "device",
                    "required": false,
                    "default": "DESKTOP",
                    "type": "string"
                }
              ],
              "responses": {
                "405": {
                  "description": "Invalid Object"
                },
                "404": {
                  "description": "Not Found"
                },
                "400": {
                  "description": "Bad Request"
                },
                "201": {
                  "description": "User Signup Successfully",
                  "schema": {
                    "$ref": "#/definitions/user-signup-response"
                  }
                }
              }
            }
          },
        "/user/login": {
          "post": {
            "tags": [
              "USER-AUTH"
            ],
            "summary": "User login",
            "description": "",
            "consumes": [
              "application/json"
            ],
            "produces": [
              "application/json"
            ],
            "parameters": [
              {
                "in": "body",
                "name": "body",
                "description": "User object that needs to be added to the store",
                "required": true,
                "schema": {
                  "$ref": "#/definitions/user-login-request"
                }
              },
              {
                  "in": "header",
                  "name": "device",
                  "required": false,
                  "default": "DESKTOP",
                  "type": "string"
              }
            ],
            "responses": {
              "405": {
                "description": "Invalid Object"
              },
              "404": {
                "description": "Not Found"
              },
              "400": {
                "description": "Bad Request"
              },
              "200": {
                "description": "User login Successfully",
                "schema": {
                  "$ref": "#/definitions/user-login-response"
                }
              }
            }
          }
        },
        "/user/forgot-password": {
            "post": {
              "tags": [
                "USER-AUTH"
              ],
              "summary": "Forgot password",
              "description": "",
              "consumes": [
                "application/json"
              ],
              "produces": [
                "application/json"
              ],
              "parameters": [
                {
                  "in": "body",
                  "name": "body",
                  "description": "User object that needs to be added to the store",
                  "required": true,
                  "schema": {
                    "$ref": "#/definitions/user-forgot-password-request"
                  }
                },
                {
                    "in": "header",
                    "name": "device",
                    "required": false,
                    "default": "DESKTOP",
                    "type": "string"
                }
              ],
              "responses": {
                "405": {
                  "description": "Invalid Object"
                },
                "404": {
                  "description": "Not Found"
                },
                "400": {
                  "description": "Bad Request"
                },
                "200": {
                  "description": "",
                  "schema": {
                    "$ref": "#/definitions/user-forgot-password-response"
                  }
                }
              }
            }
          },
          "/user/reset-password/{userId}/{token}": {
            "put": {
              "tags": [
                "USER-AUTH"
              ],
              "summary": "reset password",
              "description": "",
              "consumes": [
                "application/json"
              ],
              "produces": [
                "application/json"
              ],
              "parameters": [
                {
                    "in": "body",
                    "name": "body",
                    "description": "User object that needs to be added to the store",
                    "required": true,
                    "schema": {
                      "$ref": "#/definitions/user-reset-password-request"
                    }
                },
                {
                    "in": "path",
                    "name": "userId",
                    "required": true,
                    "type": "string"
                },
                {
                    "in": "path",
                    "name": "token",
                    "required": true,
                    "type": "string"
                }
              ],
              "responses": {
                "405": {
                  "description": "Invalid Object"
                },
                "404": {
                  "description": "Not Found"
                },
                "400": {
                  "description": "Bad Request"
                },
                "200": {
                  "description": "",
                  "schema": {
                    "$ref": "#/definitions/user-reset-password-response"
                  }
                }
              }
            }
          },
          "/user/verify-account/{userId}/{token}": {
            "put": {
              "tags": [
                "USER-AUTH"
              ],
              "summary": "verify account",
              "description": "",
              "consumes": [
                "application/json"
              ],
              "produces": [
                "application/json"
              ],
              "parameters": [
                {
                    "in": "path",
                    "name": "userId",
                    "required": true,
                    "type": "string"
                },
                {
                    "in": "path",
                    "name": "token",
                    "required": true,
                    "type": "string"
                }
              ],
              "responses": {
                "405": {
                  "description": "Invalid Object"
                },
                "404": {
                  "description": "Not Found"
                },
                "400": {
                  "description": "Bad Request"
                },
                "200": {
                  "description": "",
                  "schema": {
                    "$ref": "#/definitions/user-verification-response"
                  }
                }
              }
            }
          },
          "/user/change-password/{token}": {
            "put": {
              "tags": [
                "USER-AUTH"
              ],
              "summary": "Change password",
              "description": "",
              "consumes": [
                "application/json"
              ],
              "produces": [
                "application/json"
              ],
              "parameters": [
                {
                    "in": "body",
                    "name": "body",
                    "description": "User object that needs to be added to the store",
                    "required": true,
                    "schema": {
                      "$ref": "#/definitions/user-reset-password-request"
                    }
                },
                {
                    "in": "header",
                    "name": "authorization",
                    "required": false,
                    "type": "string"
                },
                {
                    "in": "path",
                    "name": "token",
                    "required": true,
                    "type": "string"
                }
              ],
              "responses": {
                "405": {
                  "description": "Invalid Object"
                },
                "404": {
                  "description": "Not Found"
                },
                "400": {
                  "description": "Bad Request"
                },
                "200": {
                  "description": "",
                  "schema": {
                    "$ref": "#/definitions/user-reset-password-response"
                  }
                }
              }
            }
          },
          "/user/resend-verification-email": {
            "post": {
              "tags": [
                "USER-AUTH"
              ],
              "summary": "Resend verification mail to user",
              "description": "",
              "consumes": [
                "application/json"
              ],
              "produces": [
                "application/json"
              ],
              "parameters": [
                {
                    "in": "header",
                    "name": "authorization",
                    "required": false,
                    "type": "string"
                }
              ],
              "responses": {
                "405": {
                  "description": "Invalid Object"
                },
                "404": {
                  "description": "Not Found"
                },
                "400": {
                  "description": "Bad Request"
                },
                "200": {
                  "description": "",
                  "schema": {
                    "$ref": "#/definitions/user-forgot-password-response"
                  }
                }
              }
            }
          },
          "/enterprise/create": {
            "post": {
              "tags": [
                "ENTERPRISE"
              ],
              "summary": "Create New Enterprise",
              "description": "",
              "consumes": [
                "application/json"
              ],
              "produces": [
                "application/json"
              ],
              "parameters": [
                {
                    "in": "body",
                    "name": "body",
                    "description": "Create New Enterprise",
                    "required": true,
                    "schema": {
                      "$ref": "#/definitions/enterprise-signup-request"
                    }
                }
              ],
              "responses": {
                "405": {
                  "description": "Invalid Object"
                },
                "404": {
                  "description": "Not Found"
                },
                "400": {
                  "description": "Bad Request"
                },
                "200": {
                  "description": "",
                  "schema": {
                    "$ref": "#/definitions/enterprise-signup-response"
                  }
                }
              }
            }
          },
          "/enterprise/{id}": {
            "get": {
              "tags": [
                "ENTERPRISE"
              ],
              "summary": "Get Enterprise Detail",
              "description": "",
              "consumes": [
                "application/json"
              ],
              "produces": [
                "application/json"
              ],
              "parameters": [
                {
                    "in": "header",
                    "name": "authorization",
                    "type":"string",
                    "required": true
                },
                {
                    "in": "path",
                    "name": "id",
                    "type":"string",
                    "required": true
                }
              ],
              "responses": {
                "405": {
                  "description": "Invalid Object"
                },
                "404": {
                  "description": "Not Found"
                },
                "400": {
                  "description": "Bad Request"
                },
                "200": {
                  "description": "",
                  "schema": {
                    "$ref": "#/definitions/enterprise-get-response"
                  }
                }
              }
            },
            "put": {
                "tags": [
                  "ENTERPRISE"
                ],
                "summary": "Update enterprise details",
                "description": "",
                "consumes": [
                  "application/json"
                ],
                "produces": [
                  "application/json"
                ],
                "parameters": [
                  {
                      "in": "header",
                      "name": "authorization",
                      "type":"string",
                      "required": true
                  },
                  {
                    "in": "path",
                    "name": "id",
                    "type":"string",
                    "required": true
                  },
                  {
                    "in": "body",
                    "name": "body",
                    "description": "Update Enterprise",
                    "required": true,
                    "schema": {
                      "$ref": "#/definitions/enterprise-update-request"
                    }
                  }
                ],
                "responses": {
                  "405": {
                    "description": "Invalid Object"
                  },
                  "404": {
                    "description": "Not Found"
                  },
                  "400": {
                    "description": "Bad Request"
                  },
                  "200": {
                    "description": "",
                    "schema": {
                      "$ref": "#/definitions/enterprise-get-response"
                    }
                  }
                }
              }
          },
          "/enterprise/{enterpriseId}/meta-data": {
           
            "post": {
                "tags": [
                  "ENTERPRISE"
                ],
                "summary": "Create Meta Data information of enterprise",
                "description": "",
                "consumes": [
                  "application/json"
                ],
                "produces": [
                  "application/json"
                ],
                "parameters": [
                  {
                      "in": "header",
                      "name": "authorization",
                      "type":"string",
                      "required": true
                  },
                  {
                        "in": "path",
                        "name": "enterpriseId",
                        "type":"string",
                        "required": true
                  },
                  {
                    "in": "body",
                    "name": "body",
                    "description": "Create Enterprise Meta Data",
                    "required": true,
                    "schema": {
                      "$ref": "#/definitions/enterprise-meta-data-create-request"
                    }
                  }
                ],
                "responses": {
                  "405": {
                    "description": "Invalid Object"
                  },
                  "404": {
                    "description": "Not Found"
                  },
                  "400": {
                    "description": "Bad Request"
                  },
                  "200": {
                    "description": "",
                    "schema": {
                      "$ref": "#/definitions/enterprise-meta-data-create-response"
                    }
                  }
                }
              },
              "get": {
                "tags": [
                  "ENTERPRISE"
                ],
                "summary": "Get meta information of enterprise",
                "description": "",
                "consumes": [
                  "application/json"
                ],
                "produces": [
                  "application/json"
                ],
                "parameters": [
                  {
                      "in": "header",
                      "name": "authorization",
                      "type":"string",
                      "required": true
                  },
                  {
                      "in": "path",
                      "name": "enterpriseId",
                      "type":"string",
                      "required": true
                  }
                ],
                "responses": {
                  "405": {
                    "description": "Invalid Object"
                  },
                  "404": {
                    "description": "Not Found"
                  },
                  "400": {
                    "description": "Bad Request"
                  },
                  "200": {
                    "description": "",
                    "schema": {
                      "$ref": "#/definitions/enterprise-meta-data-create-response"
                    }
                  }
                }
              }
          },
          "/enterprise/{enterpriseId}/generate-key":{
            "put": {
                "tags": [
                  "ENTERPRISE"
                ],
                "summary": "Generate API KEY",
                "description": "",
                "consumes": [
                  "application/json"
                ],
                "produces": [
                  "application/json"
                ],
                "parameters": [
                  {
                      "in": "header",
                      "name": "authorization",
                      "type":"string",
                      "required": true
                  },
                  {
                        "in": "path",
                        "name": "enterpriseId",
                        "type":"string",
                        "required": true
                  }
                ],
                "responses": {
                  "405": {
                    "description": "Invalid Object"
                  },
                  "404": {
                    "description": "Not Found"
                  },
                  "400": {
                    "description": "Bad Request"
                  },
                  "200": {
                    "description": "",
                    "schema": {
                      "$ref": "#/definitions/apikey-generate-response"
                    }
                  }
                }
              }
          },

          "/enterprise/{enterpriseId}/active-key":{
            "get": {
                "tags": [
                  "ENTERPRISE"
                ],
                "summary": "Get Active API KEY",
                "description": "",
                "consumes": [
                  "application/json"
                ],
                "produces": [
                  "application/json"
                ],
                "parameters": [
                  {
                      "in": "header",
                      "name": "authorization",
                      "type":"string",
                      "required": true
                  },
                  {
                        "in": "path",
                        "name": "enterpriseId",
                        "type":"string",
                        "required": true
                  }
                ],
                "responses": {
                  "405": {
                    "description": "Invalid Object"
                  },
                  "404": {
                    "description": "Not Found"
                  },
                  "400": {
                    "description": "Bad Request"
                  },
                  "200": {
                    "description": "",
                    "schema": {
                      "$ref": "#/definitions/apikey-generate-response"
                    }
                  }
                }
              }
          },
          "/enterprise/{enterpriseId}/key-history":{
            "get": {
                "tags": [
                  "ENTERPRISE"
                ],
                "summary": "API key history",
                "description": "",
                "consumes": [
                  "application/json"
                ],
                "produces": [
                  "application/json"
                ],
                "parameters": [
                  {
                      "in": "header",
                      "name": "authorization",
                      "type":"string",
                      "required": true
                  },
                  {
                        "in": "path",
                        "name": "enterpriseId",
                        "type":"string",
                        "required": true
                  }
                ],
                "responses": {
                  "405": {
                    "description": "Invalid Object"
                  },
                  "404": {
                    "description": "Not Found"
                  },
                  "400": {
                    "description": "Bad Request"
                  },
                  "200": {
                    "description": "",
                    "schema": {
                      "$ref": "#/definitions/apikey-history-response"
                    }
                  }
                }
              }
          },
          "/enterprise/{enterpriseId}/delete-key/{keyId}":{
            "delete": {
                "tags": [
                  "ENTERPRISE"
                ],
                "summary": "Delete API key",
                "description": "",
                "consumes": [
                  "application/json"
                ],
                "produces": [
                  "application/json"
                ],
                "parameters": [
                  {
                      "in": "header",
                      "name": "authorization",
                      "type":"string",
                      "required": true
                  },
                  {
                        "in": "path",
                        "name": "enterpriseId",
                        "type":"string",
                        "required": true
                  },
                  {
                        "in": "path",
                        "name": "keyId",
                        "type":"string",
                        "required": true
                  }
                ],
                "responses": {
                  "405": {
                    "description": "Invalid Object"
                  },
                  "404": {
                    "description": "Not Found"
                  },
                  "400": {
                    "description": "Bad Request"
                  },
                  "200": {
                    "description": "",
                    "schema": {
                      "$ref": "#/definitions/apikey-delete-response"
                    }
                  }
                }
              }
          }
          
    },
    "definitions": {
        "user-signup-request": {
            "properties": {
              "firstName":{
                "type":"string"
              },
              "lastName":{
                "type":"string"
              },
              "email": {
                "type": "string",
                "example": "example@gmail.com"
              },
              "password":{
                "type":"string",
                "example":"example@123"
              }
            }
          },
        "user-login-request": {
            "properties": {
              "email": {
                "type": "string",
                "example": "example@gmail.com"
              },
              "password":{
                "type":"string",
                "example":"example@123"
              }
            }
          },
          "user-forgot-password-request":{
            "properties": {
                "email": {
                  "type": "string",
                  "example": "example@gmail.com"
                }
            }
          },
          "user-reset-password-request":{
            "properties": {
                "password": {
                  "type": "string",
                  "example": "example@123"
                }
            }
          },
          "enterprise-signup-request":{
            "properties":{
                "organizationName":{
                    "type":"string",
                    "example":"ENT1"
                },
                "brandText":{
                    "type":"string",
                    "example":""
                },
                "logo":{
                    "type":"string",
                    "example":""
                },
                "firstName":{
                    "type":"string",
                    "example":""
                },
                "lastName":{
                    "type":"string",
                    "example":""
                },
                "email":{
                    "type":"string",
                    "example":""
                },
                "password":{
                    "type":"string",
                    "example":""
                }
            }
           
          },
          "enterprise-update-request":{
            "properties":{
                "brandText":{
                    "type":"string",
                    "example":""
                }
            }
           
          },
          "enterprise-meta-data-create-request":{
            "properties":{
                "themeColor":{
                    "type":"string",
                    "example":""
                },
                "favicon":{
                    "type":"string",
                    "example":""
                },
                "restrictedSignup":{
                    "type":"boolean",
                    "example":true
                },
                "allowedEmails":{
                    "type":"array",
                    "example":[]
                },
                "tlds":{
                    "type":"array",
                    "example":[]
                },
                "domainLimit":{
                    "type":"number",
                    "example":100
                }

            }
          },
        "user-signup-response":{
            "properties":{
                "result":{
                    "type":"string",
                    "example":"signup successful"
                }
            }
        },

        "user-login-response":{
            "properties":{
                "result":{
                    "type":"object",
                    "properties":{
                        "token":{
                            "type":"string",
                            "example":"TXAAAQKKQOQQ"
                        },
                        "user":{
                            "type":"object",
                            "properties":{
                                "_id":{
                                    "type":"string",
                                    "example":"6342d92b806066c8e0b7b215"
                                },
                                "email":{
                                    "type":"string",
                                    "example":"example@gmail.com"
                                },
                                "isPrimaryAdmin":{
                                    "type":"boolean",
                                    "example":false
                                },
                                "verified":{
                                    "type":"boolean",
                                    "example":true
                                },
                                "emailNotification":{
                                    "type":"boolean",
                                    "example":false
                                },
                                "firstLogin":{
                                    "type":"boolean",
                                    "example":false
                                },
                                "enterpriseId":{
                                    "type":"string",
                                    "example":"6342d92b806066c8e0b7b215"
                                }
                            }
                        }
                    }
                }
            }
        },
        "user-forgot-password-response":{
            "properties": {
                "result": {
                  "type": "string",
                  "example": "Please check your email for the reset link"
                }
            }
          },
          "user-reset-password-response":{
            "properties": {
                "result": {
                  "type": "string",
                  "example": "Please check your email for the reset link"
                }
            }
          },
          "user-verification-response":{
            "properties": {
                "result": {
                  "type": "boolean",
                  "example": true
                }
            }
          },
          "enterprise-signup-response":{
            "properties": {
                "result":{
                "type":"object",
                "properties":{
                "enterprise": {
                  "type": "object",
                  "properties":{
                    "organizationName":{
                        "type":"string",
                        "example":""
                    },
                    "brandText":{
                        "type":"string",
                        "example":""
                    },
                    "brandLogo":{
                        "type":"string",
                        "example":""
                    },
                    "_id":{
                        "type":"string",
                        "example":""
                    },
                    "createdAt":{
                        "type":"string",
                        "example":""
                    },
                    "updatedAt":{
                        "type":"string",
                        "example":""
                    }
                  }
                },
                "user":{
                    "type": "object",
                    "properties":{
                      "firstName":{
                          "type":"string",
                          "example":""
                      },
                      "lastName":{
                          "type":"string",
                          "example":""
                      },
                      "email":{
                          "type":"string",
                          "example":""
                      },
                      "isPrimaryAdmin":{
                          "type":"boolean",
                          "example":true
                      },
                      "verified":{
                          "type":"boolean",
                          "example":true
                      },
                      "emailNotification":{
                          "type":"boolean",
                          "example":true
                      },
                      "isFirstLogin":{
                          "type":"boolean",
                          "example":true
                      },
                      "emailVerifyUrl":{
                          "type":"string",
                          "example":""
                      },
                      "_id":{
                          "type":"string",
                          "example":""
                      },
                      "enterpriseId":{
                          "type":"string",
                          "example":""
                      },
                      "createdAt":{
                          "type":"string",
                          "example":""
                      },
                      "updatedAt":{
                          "type":"string",
                          "example":""
                      }
                    }
                    }
                }
                }
                
            }
          },
          "enterprise-get-response":{
            "properties": {
                "result": {
                  "type": "object",
                  "properties":{
                    "organizationName":{
                        "type":"string",
                        "example":""
                    },
                    "brandText":{
                        "type":"string",
                        "example":""
                    },
                    "brandLogo":{
                        "type":"string",
                        "example":""
                    },
                    "_id":{
                        "type":"string",
                        "example":""
                    },
                    "createdAt":{
                        "type":"string",
                        "example":""
                    },
                    "updatedAt":{
                        "type":"string",
                        "example":""
                    }
                  }
                }
            }
          },
          "enterprise-meta-data-create-response":{
            "properties":{
                "result":{
                "type":"object",
                "properties":{
                        "favicon":{
                            "type":"string",
                            "example":""
                        },
                        "themeColor":{
                            "type":"string",
                            "example":""
                        },
                        "restrictedSignup":{
                            "type":"boolean",
                            "example":true
                        },
                        "allowedEmails":{
                            "type":"array",
                            "items": {
                                "type": "string"
                            },
                            "example":[]
                        },
                        "tlds":{
                            "type":"array",
                            "items": {
                                "type": "string"
                            },
                            "example":[]
                        },
                        "domainLimit":{
                            "type":"number",
                            "example":100
                        }
        
                    }
                }
            }
        },
        "apikey-generate-response":{
            "properties":{
                "result":{
                    "properties":{
                        "testKey":{
                            "type":"string",
                            "example":"Nxb-test-232fad82-7ecc-4884-a06a-26370abc5892"
                        },
                        "liveKey":{
                            "type":"string",
                            "example":"Nxb-live-232fad82-7ecc-4884-a06a-26370abc5892"
                        },
                        "active":{
                            "type":"boolean",
                            "example":"true"
                        }
                    }
                }
            }
        },
        "apikey-history-response":{
            "properties":{
                "result":{
                    "type":"array",
                    "items":{
                        "type":"object",
                        "properties":{
                            "testKey":{
                                "type":"string",
                                "example":"Nxb-test-232fad82-7ecc-4884-a06a-26370abc5892"
                            },
                            "liveKey":{
                                "type":"string",
                                "example":"Nxb-live-232fad82-7ecc-4884-a06a-26370abc5892"
                            },
                            "active":{
                                "type":"boolean",
                                "example":"true"
                            }
                        }
                    }
                }
            }
        },
        "apikey-delete-response":{
            "properties":{
                "message":{
                    "type":"string",
                    "example":"api key deleted successfully"
                }
            }
        }
    }
}